name,display_name,model_family,model_size,parameters,quantization,file_format,capabilities,tags,description
qwen3-coder-30b-a3b-instruct-1m-gguf,Qwen3 Coder 30B A3B Instruct 1M,Qwen,30B,30.0,Q4_K_XL,GGUF,"chat,code,reasoning,math","coding,reasoning,large-model","Advanced coding model with 30B parameters, optimized for software development and complex reasoning tasks"
openthinker3-7b-q8_0,OpenThinker3 7B Q8_0,OpenThinker,7B,7.0,Q8_0,GGUF,"chat,reasoning,analysis","thinking,reasoning,medium-model","Specialized reasoning model with enhanced analytical capabilities"
magistral-small-2509-ud-q4_k_xl,Magistral Small 2509 UD Q4_K_XL,Magistral,Small,2.5,Q4_K_XL,GGUF,"chat,multilingual,general","multilingual,compact,efficient","Compact multilingual model optimized for efficiency and broad language support"
ernie-4.5-21b-a3b-thinking-ud-q4_k_xl,ERNIE 4.5 21B A3B Thinking UD Q4_K_XL,ERNIE,21B,21.0,Q4_K_XL,GGUF,"chat,reasoning,analysis,thinking","chinese,reasoning,large-model","Chinese-focused reasoning model with advanced thinking capabilities"
qwen3-30b-a3b-thinking-2507-deepseek-v3.1-distill-v2-q4_k_m,Qwen3 30B A3B Thinking 2507 DeepSeek V3.1 Distill V2,Qwen,30B,30.0,Q4_K_M,GGUF,"chat,reasoning,thinking,analysis","distilled,thinking,large-model","Distilled thinking model combining Qwen and DeepSeek architectures"
gemma-3-270m-it,Gemma 3 270M IT,Google,270M,0.27,GGUF,"chat,general,basic","tiny,google,compact","Ultra-compact Gemma model for basic conversational tasks"
qwen3-0.6b,Qwen3 0.6B,Qwen,0.6B,0.6,GGUF,"chat,basic","tiny,qwen,compact","Minimal Qwen model for lightweight applications"
tinyllama-1.1b,TinyLlama 1.1B,TinyLlama,1.1B,1.1,GGUF,"chat,general","tiny,compact,efficient","Compact general-purpose model based on Llama architecture"
phi-4-mini-instruct,Phi-4 Mini Instruct,Microsoft,3.8B,3.8,GGUF,"chat,instruction-following,reasoning","microsoft,instruction-tuned,medium","Microsoft's instruction-tuned model with strong reasoning capabilities"
smollm3-3b,SmolLM3 3B,HuggingFace,3B,3.0,GGUF,"chat,general,analysis","huggingface,smol,medium","HuggingFace's SmolLM model optimized for efficiency and general tasks"
qwen3-4b-instruct,Qwen3 4B Instruct,Qwen,4B,4.0,GGUF,"chat,instruction-following,multilingual","qwen,instruction,medium","Qwen instruction-tuned model with multilingual support"
gemma-3-4b-it,Gemma 3 4B IT,Google,4B,4.0,GGUF,"chat,instruction-following,reasoning","google,instruction,large","Google's instruction-tuned Gemma model with reasoning capabilities"
jan-v1-4b,Jan v1 4B,JanHQ,4B,4.0,GGUF,"chat,general,analysis","jan,medium,versatile","JanHQ's versatile 4B parameter model for general applications"
llama-3.2-1b-instruct,Llama 3.2 1B Instruct,Meta,1B,1.0,GGUF,"chat,instruction-following","meta,instruction,compact","Meta's compact instruction-tuned Llama model"
